,loss,mae,val_loss,val_mae,learning_rate
0,395.8028564453125,11.186460494995117,395.7689514160156,11.11884593963623,0.0010000000474974513
1,394.3375244140625,11.231720924377441,395.7690124511719,11.11884593963623,0.0010000000474974513
2,394.3375244140625,11.231720924377441,395.7690124511719,11.11884593963623,0.0010000000474974513
3,394.3375244140625,11.231720924377441,395.7690124511719,11.11884593963623,0.0010000000474974513
4,394.3288269042969,11.231810569763184,395.89892578125,11.117159843444824,0.0005000000237487257
5,394.32867431640625,11.23164176940918,395.89892578125,11.117159843444824,0.0005000000237487257
