,loss,mae,val_loss,val_mae
0,982.4419555664062,13.17181396484375,409.9482421875,10.456463813781738
1,607.7064819335938,12.135233879089355,409.8960266113281,10.737236022949219
2,441.6297912597656,11.65266227722168,400.7174987792969,10.900993347167969
3,1107.084716796875,12.684934616088867,395.79681396484375,11.064973831176758
4,718.181640625,12.634587287902832,401.4609375,11.673541069030762
5,538.674072265625,12.538114547729492,487.376953125,17.630950927734375
6,1397.084228515625,13.522767066955566,396.39202880859375,11.13221549987793
7,699.7328491210938,12.849666595458984,398.3049621582031,11.084161758422852
8,1052.85888671875,12.358484268188477,395.84710693359375,11.129584312438965
